{"change":{"Bill Clinton":203.2477409366,"Barack Obama":140.2693826416,"Dwight D. Eisenhower":118.9525192381,"Ronald Reagan":103.6966471177,"Harry S. Truman":99.3248300592,"Franklin Roosevelt":94.4363086576,"Donald Trump":66.3575175453,"Lyndon B. Johnson":65.6723606405,"George Bush":58.2615943187,"Calvin Coolidge":37.1058562368,"Jimmy Carter":26.8784995391,"Joe Biden":12.3008112886,"Gerald Ford":10.0122837313,"John F. Kennedy":9.6056953424,"Richard M. Nixon":-6.138744573,"George W. Bush":-29.6134105642,"Herbert Hoover":-72.1080200514}}