{"1":1.1331741398,"2":-0.2778037877,"3":0.2347758295,"4":1.2708651391,"5":-0.2435417759,"6":0.728154006,"7":1.1705936306,"8":0.5656155357,"9":-0.9567453965,"10":0.3400197415,"11":0.5608940258,"12":1.3366178733}