{"1":4.7220456691,"2":4.0338662214,"3":5.182920126,"4":5.8968841163,"5":5.378058601,"6":5.0852835603,"7":5.5285348485,"8":5.8118286657,"9":5.3777987459,"10":6.1803519075,"11":4.738418511,"12":3.6055950865}