{"1":11.2111949548,"2":11.5717874808,"3":13.8480618103,"4":33.3901205513,"5":14.3534993398,"6":20.794156617,"7":31.0869638005,"8":37.3158782322,"9":13.1858384599,"10":16.5799057224,"11":10.4138287374,"12":10.6639192958}