{"1":-11.367244505,"2":-15.1424320439,"3":-25.8289705785,"4":-18.8022275335,"5":-22.9426378759,"6":-16.1475434248,"7":-14.3717736036,"8":-13.9477113626,"9":-30.2442529818,"10":-23.0776269773,"11":-11.6766507416,"12":-13.4328380971}