{"Democrat":79.7881274057,"Republican":27.5210906818}