{"1":1.4884349651,"2":2.2163091671,"3":1.0003806997,"4":2.5988702226}